claimThisBusiness,location/lat,location/lng,price,rank,title,totalScore,category
1,0.3082471074154133,-0.43950303950732655,2,-1.3785394860627274,"National Gallery of Art ""Hazine""",0.5728438659940459,artgallery
1,0.9327227897654115,-0.16066499021413752,2,-0.890112456276508,Sand beach (official name unkown?),-0.721873096990357,beaches
0,0.6503708219117025,-0.5830204044961469,2,-0.9789173707830934,Youth Center beach,-1.4617113615528725,beaches
1,0.9924037151405527,-0.23985245182313508,2,-1.156527199796264,Kazanka Beach Park,-2.5714687583966462,beaches
0,1.1805929497425496,-5.555389369421882,2,-1.289734571556142,"Plyazh ""Pen'ki""",0.01796516757215946,beaches
0,-0.10579569824530709,-0.6375089424865817,2,-1.2009296570495567,Locomotive beach,-0.9068326631309861,beaches
0,1.2358841805241776,-3.975840673439647,2,-1.3341370288094347,Izumrudnoye,0.387884299853416,beaches
0,0.6502194531327271,-0.5546290586537338,2,-1.3785394860627274,Plyazh Molodezhnyy Tsentr,-1.4617113615528725,beaches
0,0.8877359886202039,0.04513454063545576,2,-1.0677222852896786,Riv'yera,0.01796516757215946,beaches
0,1.940362046842024,-2.9416186142346437,2,-0.9345149135298008,Plyazh,0.20292473371278774,beaches
1,0.10523886934061971,-1.4168258846502975,2,-0.6681001700100447,Plyazh,-0.5369135308497287,beaches
0,0.8961975033711939,0.02599048707745254,2,-0.5792952555034595,Plyazh Riv'yery Kazanskoy,-1.6466709276935017,beaches
1,-0.2953396834201152,1.8247063138692248,2,-0.5348927982501668,Berezka,-0.9068326631309861,mall
1,-0.5328600031271133,1.7659446519703477,2,0.3531563468156863,Pobeda,0.01796516757215946,mall
1,-0.6099332012195154,0.12654929883677732,2,0.21994897505580835,coffeemonkey,0.20292473371278774,mall
0,-0.22020778991935652,-0.39589310708585146,2,1.063595662868369,BEAUTY STYLE,,mall
1,-0.34648719387416577,-0.38274900086634045,2,1.1079981201216615,Belorusskiy,0.01796516757215946,mall
1,-0.3545816393358782,0.142423085013818,2,1.1524005773749542,Sukonnaya Sloboda,-0.16699439856847045,mall
1,-1.4954973221804324,0.06477715715266548,2,0.7971809193486129,Alyupara,-6.2706600812092255,mall
1,1.1075196716375235,-0.259120668570207,2,1.1968030346282468,Tk Argo,,mall
1,1.4051825914959009,-0.13390877806227358,2,1.1524005773749542,Anfilada,-1.4617113615528725,mall
1,0.3858500962349015,-2.1318358458691,2,1.1079981201216615,"Tts ""Na Boyevoy""",0.01796516757215946,mall
1,1.4418592466690938,-0.9102324322668685,2,1.019193205615076,Tts Tyubeteyka,-0.35195396470909873,mall
1,1.1573654105915252,-0.6688381804036387,2,1.2412054918815394,Gloriya Dzhins,1.1277225644159323,mall
1,1.4957389635856269,-1.596700141613552,2,0.9747907483617835,Optimumkessel',-1.6466709276935017,mall
1,-0.23569660023965053,-0.4399767698289636,2,0.9303882911084909,Troyka,-0.35195396470909873,mall
1,-1.5651307447808025,1.5278856143869446,2,1.2412054918815394,"Fotokopitsentr, Kantstovary",,mall
1,1.5019412993089367,-1.1930456138145449,2,0.7527784620953203,Alsu,,mall
0,1.4351573939748694,-0.904031913622989,2,0.8415833766019055,Vizitmarket,-2.5714687583966462,mall
1,0.3093218257471335,-1.4892684197861192,2,1.063595662868369,"ОПТИКА ""ОКО+""",1.1277225644159323,mall
1,3.194845940417295,-1.142295342917643,2,0.663973547588735,Torgovyy Dom Severnyy,-0.5369135308497287,mall
1,-0.43587045792595847,0.021104188035258067,2,1.1968030346282468,Rit,1.1277225644159323,mall
1,2.8316516918719272,-0.8056373617600558,2,0.8859858338551982,Vikhitli,,mall
1,0.3530409133674474,1.6188303749031772,2,1.1524005773749542,TC Dorozhnyy,-0.5369135308497287,mall
0,-0.26453613687563127,2.035178201035103,2,1.1079981201216615,Akademik,,mall
0,-0.1474637389089313,-0.4222424460181456,2,0.6195710903354422,Modnaya Sem'ya,-0.9068326631309861,mall
1,1.0785211977835245,-0.7519644804118281,2,0.4863637185755643,Milyash,-0.35195396470909873,mall
0,1.4565041760460555,-0.4989275418157734,2,0.5751686330821496,Ttts Gorizont,-0.9068326631309861,mall
1,-0.206414309925039,1.0658476448651972,2,1.019193205615076,"Torgovyy Tsentr ""Prestizh""",-0.35195396470909873,mall
1,1.0698401983029797,1.0496032793237464,2,0.9747907483617835,Mega планета,,mall
0,1.3954382263422003,-0.9132180794142625,2,0.44196126132227165,Svanton Torgovaya Galereya,-0.35195396470909873,mall
1,-2.113339267786785,1.0638419318103738,2,0.8859858338551982,Port,1.1277225644159323,mall
1,0.37537159250237706,1.0368946993675097,2,0.8415833766019055,Sovetskiy,-0.9068326631309861,mall
1,-1.369240623542752,1.9324895130318862,2,0.5751686330821496,Tts Irbis,-0.5369135308497287,mall
0,-0.20528661252082528,-0.03726779247016313,2,0.3531563468156863,ТЦ Республика,0.01796516757215946,mall
1,-0.30822873495956393,0.35818050363014103,2,0.7971809193486129,Kalina,-0.721873096990357,mall
1,0.953906850398789,1.1593654487004588,2,0.663973547588735,Torgovyy Kompleks,-6.2706600812092255,mall
1,0.16693678369729548,1.250327401042941,2,0.6195710903354422,Вита Центр,0.20292473371278774,mall
1,-0.15971325735651662,0.29646948843916554,2,0.1755465178025157,Kvartal,-0.721873096990357,mall
1,-0.19193588620513855,1.089845524015963,2,0.21994897505580835,"ТЦ ""Шифа""",-0.35195396470909873,mall
1,-1.6241456475279679,1.5492741563633858,2,0.264351432309101,Torgovyy Kompleks,,mall
0,-0.034364771393226204,-0.272795811198628,2,-0.17967314022382555,"Prostranstvo ""Fabrika""",0.7578034321346743,mall
1,-1.6191202040623816,1.5630791927896706,2,0.1755465178025157,Олимп,-0.5369135308497287,mall
1,1.3046093904498883,0.4555569173424122,2,0.3087538895623937,XL,0.01796516757215946,mall
1,-0.026856879950614795,-0.22671025580655577,2,0.3531563468156863,Nur-Market,-0.35195396470909873,mall
1,-0.30030079515464375,1.7961946252434706,2,0.13114406054922303,Domino,-0.5369135308497287,mall
1,-2.22942020025043,-0.036049083013978155,2,-0.31288051198370354,Mag,,mall
1,1.3772209937786766,-1.981818060379649,2,0.3087538895623937,Torgovyy Tsentr,1.1277225644159323,mall
0,-2.491855820995386,1.2001215379753354,2,0.04233914604263773,"Торговый центр ""Порт""",-0.5369135308497287,mall
1,-2.4962984946616618,1.2582853063635067,2,0.08674160329593039,Tts,,mall
1,1.2322778193624602,-0.25940528880377556,2,0.264351432309101,Berezka,-0.35195396470909873,mall
1,0.8939345401239923,1.1395356322979766,2,-0.0020633112106549266,Altyn-T,-0.5369135308497287,mall
1,-0.3732643308948925,-0.00171127551461809,2,0.1755465178025157,City Pc Ru,,mall
0,-1.9303419823077048,1.3038035314915093,2,-0.046465768463947586,Dubrava,-0.35195396470909873,mall
1,1.4057085980031967,-0.8849107824998949,2,0.21994897505580835,Verona,-0.721873096990357,mall
0,-1.00974355742654,1.0972704827246869,2,-0.09086822571724024,Tts Gorkipark,0.01796516757215946,mall
1,1.192358088097306,-1.141873188074755,2,0.08674160329593039,Trk Megada,,mall
1,-0.052971778562887206,-0.09214219144832612,2,0.04233914604263773,Prizma,-0.5369135308497287,mall
1,0.011893527496127645,1.816901224781432,2,-0.1352706829705329,Torgovyy Tsentr,1.1277225644159323,mall
0,1.3359616488187969,0.3916109647473858,2,-0.22407559747711822,Savinovo,-0.35195396470909873,mall
1,1.7015853662684275,0.24129900800997936,2,-0.0020633112106549266,Torgovyy Tsentr Mir,,mall
1,-0.08801743514116157,1.9381991095280147,2,-0.31288051198370354,Almaz,-0.16699439856847045,mall
0,1.112193182691918,0.2484297954707476,2,-0.3572829692369962,Trts Millenium,-0.721873096990357,mall
0,-1.3694638924918279,1.9318419542454985,2,-0.4460878837435815,Mandarin_nail_shop,-0.9068326631309861,mall
1,-0.9416540963729023,1.9856027049276352,2,-0.49049034099687416,Torgovyye Ryady,-0.721873096990357,mall
1,1.4884694779699084,-0.517148967368479,2,-0.1352706829705329,Torgovyy Tsentr,,mall
0,-0.3598530570676694,-0.06879378128674399,2,-0.09086822571724024,Torgovyy Tsentr Altyn Kazan,-0.5369135308497287,mall
1,2.6045190546297454,-0.8565652815274359,2,-0.26847805473041086,Torgovaya Galereya,-1.2767517954122434,mall
1,1.0987856930842164,-1.1952194247254593,2,-0.31288051198370354,Tts Moskovskiy,-0.16699439856847045,mall
1,2.2455896214352964,-4.434977044742046,2,-0.3572829692369962,Tele 2,0.01796516757215946,mall
1,1.4924126346652695,-1.2738147234325463,2,-0.4016854264902888,Moki,-0.16699439856847045,mall
1,-2.3560363997386142,1.2084328308340615,2,-0.6681001700100447,Torgovyy Tsentr,,mall
1,1.0235175676822992,-4.51034983114092,2,-0.4460878837435815,Kompleks,-0.5369135308497287,mall
1,0.12151479731223111,-0.5382681707348055,2,-0.7125026272633375,Tsentral'nyy Univermag,,mall
1,-1.4123882940217816,0.5989806823885284,2,-0.6236977127567521,Torgovyy Tsentr,1.1277225644159323,mall
1,1.0681864943912014,0.24832855471658805,2,-0.6236977127567521,Kvartal,0.01796516757215946,mall
1,0.3304983179414682,1.5888803034868049,2,-0.5792952555034595,Mzlife,-0.35195396470909873,mall
1,-1.595782922546311,1.5049746406915683,2,-0.6681001700100447,"ТЦ ""Проспект""",-0.721873096990357,mall
1,-1.3441890906036353,1.8930839372138542,2,-0.7125026272633375,Торговый Центр Оазис,-0.5369135308497287,mall
0,-0.12934868027141092,-0.15523428334278247,2,-0.7569050845166301,"Svita Hall, shopping center",0.01796516757215946,mall
1,-0.8084268654579326,1.687525091930943,2,-0.8457099990232154,Yuzhnyy,0.387884299853416,mall
1,-1.031771499003519,2.0045480973829113,2,-0.890112456276508,Frant,-0.16699439856847045,mall
1,-0.14302484946217708,0.4166518146866543,2,-0.9789173707830934,Detskiy,-2.5714687583966462,mall
1,-1.7433977559134732,1.2502605439411454,2,-1.1121247425429714,ТЦ Сити-центр,-0.16699439856847045,mall
1,1.2469341013977173,-0.45742456320328134,2,-0.6236977127567521,kazan citi,,mall
1,-0.9368405691978278,1.7574748122700534,2,-1.2009296570495567,Torgovyy Tsentr,0.01796516757215946,mall
1,2.2606167569793527,-4.45169705080793,2,-0.5348927982501668,Bahetle,-0.16699439856847045,mall
1,1.0953231322624317,-0.11662908254391115,2,-0.5792952555034595,Torgovyy Kompleks,-0.35195396470909873,mall
0,2.7669036966167324,-4.843091896334361,2,-0.8457099990232154,Продсклад Победа,,mall
1,-0.43587045792595847,0.02110609823805406,2,-0.890112456276508,Siti Tsentr,-0.16699439856847045,mall
0,-0.15891100282738235,-0.08377932311098663,2,-0.8013075417699228,Kol'tso,0.01796516757215946,mall
0,1.483841377549502,-0.1980553019626873,2,-0.9789173707830934,Park House,0.387884299853416,mall
0,-0.22378387732544008,-0.3941662836558014,2,-0.9345149135298008,Muraveynik,-1.0917922292716151,mall
1,1.13940172073298,-0.673758863098197,2,-0.7125026272633375,Zeel International Store,-0.16699439856847045,mall
1,1.1569075200348087,-0.6680569074136596,2,-1.023319828036386,Tandem,0.387884299853416,mall
1,-0.16162807241204777,-0.08177552025909485,2,-1.0677222852896786,Mall Koltso,1.1277225644159323,mall
0,0.0600552887827172,-0.510146163502643,2,-1.1121247425429714,Tsum,-0.35195396470909873,mall
0,-0.47073447196962365,0.02219300369357919,2,-1.2009296570495567,Suvar Plaza,-0.16699439856847045,mall
1,-0.8705069859817028,0.35320060464524244,2,-1.156527199796264,KazanMall,0.387884299853416,mall
0,-0.3762803538182562,1.6164273396431708,2,-1.3341370288094347,Mega Kazan,0.5728438659940459,mall
1,-0.1484552044119865,-0.4060439253463774,2,-1.3785394860627274,Мусульманские товары,1.1277225644159323,mall
0,-0.11534706820583418,-0.13715612300819122,2,-1.2453321143028493,Gum,-0.35195396470909873,mall
0,0.1389146384685348,0.24540021365646703,2,-0.5792952555034595,Muzey Istorii Knitu,,museums
0,-0.3686816411079369,-0.2462688233958557,2,-0.5348927982501668,Muzey Chaya,0.7578034321346743,museums
1,0.741014231049615,1.347698084146553,2,0.3087538895623937,"Gbuk Rt ""Bilyarskiy Gosudarstvennyy Istoriko-Arkheologicheskiy I Prirodnyy Muzey-Zapovednik""",0.5728438659940459,museums
1,0.3260140178609945,-0.4305250858331673,2,0.3531563468156863,Kazan Kremlin,0.9427629982753042,museums
1,-0.45955967185348967,-0.21529488322002654,2,1.2412054918815394,Dom Kaushchi,0.7578034321346743,museums
0,-0.04843828362917253,1.925358725571118,2,1.5964251499078808,Гаилә мәчете,0.7578034321346743,museums
1,1.1158752282432576,0.9663375345031704,2,0.7527784620953203,Zoologicheskiy Muzey,1.1277225644159323,museums
0,0.4096679736245484,-0.05174522032040494,2,1.5520226926545881,«Казан» милли-мәдәни үзәге,0.5728438659940459,museums
1,1.1564231399417109,-0.3647797220976356,2,1.3744128636414175,Граффити от Arsik Erase,,museums
1,0.03946913482673611,-0.3106904165151794,2,1.3300104063881248,"Vystavka Nikoly Tesly ""Laboratoriya Chudes""",-0.16699439856847045,museums
1,0.3082471074154133,-0.43950303950732655,2,1.2856079491348322,"National Gallery of Art ""Hazine""",0.5728438659940459,museums
1,-0.42121039167117996,-0.2461045459456281,2,1.1524005773749542,Kamni I Mineraly,-1.2767517954122434,museums
1,-0.033403579646073635,-0.1462314970307823,2,1.1968030346282468,Анатомический театр Казанского медицинского университета,0.387884299853416,museums
1,-0.4179029838481609,0.15737806359156034,2,1.063595662868369,Mel'nitsa,1.1277225644159323,museums
1,-0.49210395935740076,-0.18931612365214254,2,1.019193205615076,Staro-Tatarskaya Sloboda,0.5728438659940459,museums
0,0.3190472698034958,0.011192145138346675,2,0.9303882911084909,Memorial'nyy Muzey-Kvartira Naziba Zhiganova,0.387884299853416,museums
1,0.22311352183645392,-0.31450127131943906,2,0.8415833766019055,Kafe-Muzey,,museums
1,0.13622027420072913,-0.38464201194954983,2,0.7527784620953203,Magistrat,0.387884299853416,museums
1,0.36282690493534603,-0.1465333090904649,2,0.7971809193486129,Tsentr Sovremennoy Muzyki S. Gubaydulinoy,0.387884299853416,museums
1,-0.4166882493960296,0.13324456003413568,2,0.7083760048420276,Mishkin Dom,0.7578034321346743,museums
1,0.3028432420019851,-0.43548970319474783,2,0.6195710903354422,Memorial Vov,0.20292473371278774,museums
1,-0.022141742481753195,0.05380877204700072,2,0.8859858338551982,Muzey-Kvartira Abdurakhmana Absalyamova,0.20292473371278774,museums
1,-0.0008517237031197156,-0.2670900351082272,2,0.530766175828857,Nulevoy Meridian,0.5728438659940459,museums
1,0.23123067261529504,0.10474815303183536,2,0.5751686330821496,Музей КНИТУ-КАИ,0.20292473371278774,museums
0,0.04651156727385699,-0.3164229354463528,2,0.397558804068979,Shou Muzey Kvest Poisk Sokrovishch Muzey Kladov I Kladoiskatel'stva,,museums
0,-0.04497572280738775,-0.20753754920498396,2,0.4863637185755643,Fun Box музей эмоций,0.5728438659940459,museums
0,-0.0056084875859105,-0.1123005627511278,2,0.44196126132227165,Zoologicheskiy Muzey I Gerbariy Im. E.a. Eversmana,0.5728438659940459,museums
0,0.037092644994967,0.08886481584013609,2,-0.31288051198370354,Muzey Baki Urmanche,0.387884299853416,museums
1,0.1225592418880487,0.060918547275791504,2,-0.3572829692369962,Muzey-Kvartira Musy Dzhalilya,0.7578034321346743,museums
1,-0.39893269160901274,-0.33963954160713933,2,0.3087538895623937,Muzey Kayuma Nasyri,0.5728438659940459,museums
1,0.22648147717127823,-0.6193658352531265,2,0.264351432309101,"Gosudarstvennoye Byudzhetnoye Uchrezhdeniye Kul'tury ""Natsional'nyy Muzey Respubliki Tatarstan""",,museums
1,0.033561968222871844,-0.2857660889533885,2,0.1755465178025157,Museum Of Illusions,,museums
1,0.15650369059849054,-0.11239989330249135,2,0.21994897505580835,AN Museum Mazitova,0.7578034321346743,museums
1,0.4169185381426596,0.9268822934095925,2,0.13114406054922303,Muzey Istorii Svyazi Respubliki Tatarstan,0.5728438659940459,museums
0,0.337457497560193,-0.47660491061658006,2,0.08674160329593039,Muzey Oruzhiya Dukh Voina (Spirit of Warrior),0.01796516757215946,museums
1,-0.011723786261034,-0.26236419311039694,2,-0.0020633112106549266,Музей «Самогон»,0.387884299853416,museums
1,-0.027469923505828168,-0.313977875722256,2,-0.046465768463947586,Muzey Sotsialisticheskogo Byta,,museums
0,-0.2797714044909465,0.05623472974191609,2,-0.09086822571724024,Muzey Istorii Staroobryadchestva,,museums
1,-0.020011226916188826,-0.22601112154169048,2,-0.22407559747711822,Muzey Natsional'noy Kul'tury,,museums
1,0.15661343296353675,0.12156939985201447,2,-0.17967314022382555,Gosudarstvennyy Muzey Izobrazitel'nykh Iskusstv Respubliki Tatarstan,0.387884299853416,museums
0,0.3430770634839233,-0.4279978873840924,2,-0.31288051198370354,Annunciation Cathedral History Museum,0.01796516757215946,museums
1,0.3805748942835889,-0.4461104313710474,2,-0.26847805473041086,Muzey Istorii Gosudarstvennosti Tatarskogo Naroda I Respubliki Tatarstan,-0.16699439856847045,museums
0,0.29942230759466726,-0.433012170021219,2,-0.3572829692369962,Tsentr Ermitazh-Kazan,0.5728438659940459,museums
0,0.033561968222871844,-0.2857660889533885,2,-0.4460878837435815,Muzey Illyuziy,-0.35195396470909873,museums
0,-0.06495640164719835,0.05080784327628876,2,-0.5792952555034595,"Музей - галерея ""ДОМ ART""",0.7578034321346743,museums
0,-0.4897955854764798,-0.19052719229673637,2,-0.7125026272633375,Tatar Bistese,0.387884299853416,museums
1,-1.7088856742812686,0.6803362242996454,2,-0.8013075417699228,Tserkov' Tikhona Amafuntskogo,1.1277225644159323,museums
0,-0.03484158304728105,-0.12371211493192932,2,-0.8457099990232154,Museum of Kazan School of Chemistry,0.7578034321346743,museums
1,0.18292511098850406,0.14225116675199928,2,-0.890112456276508,Galereya Sovremennogo Iskusstva Gmii Rt,0.5728438659940459,museums
0,-0.14109868174808163,-0.16819309988008843,2,-0.9345149135298008,Muzey Sotsialisticheskogo Byta,0.7578034321346743,museums
1,-1.210205015793251,0.432798759879809,2,-0.6681001700100447,"Istoricheskiy Park ""Rossiya - Moya Istoriya""",0.387884299853416,museums
1,0.02337106517075019,-0.14935658899056298,2,-0.6236977127567521,Lobachevsky Museum,0.01796516757215946,museums
1,-0.4214450132788204,0.1280163346712354,2,-0.7125026272633375,Bears House Museum,-2.5714687583966462,museums
0,-0.13407138617904651,0.11163825492605735,2,-0.8013075417699228,Dom Muzey Akademikov Arbuzovykh,0.5728438659940459,museums
1,-0.09835213853348462,-0.1512706123057498,2,-0.7569050845166301,Muzey Schastlivogo Detstva,0.5728438659940459,museums
1,-0.1438308882108328,0.1957998849110226,2,-0.8457099990232154,Dom-Muzey V.i. Lenina,0.5728438659940459,museums
1,0.17683251763024033,0.12836399160073636,2,-1.0677222852896786,House-Museum of Vasily Aksenov,0.387884299853416,museums
0,0.11793492568689501,0.13173932014158612,2,-0.9345149135298008,"Музей Е. А. Боратынского, филиал Национального музея Республики Татарстан",0.7578034321346743,museums
1,0.18254290482140967,-0.35106446520819146,2,-0.9789173707830934,Muzey Yestestvennoy Istorii Tatarstana,,museums
1,0.2881453335525299,-0.42859387069186644,2,-1.023319828036386,Tatarstan Museum of Natural History,0.5728438659940459,museums
0,-0.026425478930010574,-0.23001681704267804,2,-1.0677222852896786,Konstantin Vasiliev Museum,0.7578034321346743,museums
1,0.2922133694904852,-0.44748386726280137,2,-1.1121247425429714,Museum of Islam,0.20292473371278774,museums
0,0.10917067337768534,0.018477659034819637,2,-1.156527199796264,Literaturno-Memorial'nyy Muzey A.m. Gor'kogo,0.5728438659940459,museums
0,-0.000647375851381925,-0.12918675647017097,2,-1.289734571556142,Museum of History of Kazan University,0.5728438659940459,museums
0,0.12074660075825201,-0.2693058704830967,2,-1.289734571556142,Stukenberg Geological Museum,-0.35195396470909873,museums
0,-0.5011217543715891,-0.25078263287070834,2,-1.3341370288094347,Literary Museum of Gabdulla Tukai,0.20292473371278774,museums
0,0.18065836352178116,-0.3652744646511144,2,-1.3341370288094347,National Museum of the Republic Tatarstan,0.5728438659940459,museums
0,-0.3278650498266879,-0.30674202710146475,2,-1.3785394860627274,Chak-Chak Museum,0.5728438659940459,museums
1,3.0954572000677802,2.870844218823031,2,-0.890112456276508,Muzey Avto Imeni Ireka Minnakhmetova,-0.721873096990357,museums
1,1.294626619469026,-0.33163579141675537,2,-0.1352706829705329,Граффити от SAV45,,museums
1,1.1907384421609517,-0.33111621622529996,2,-0.26847805473041086,Граффити PilotGraff & Jamiehaf,,museums
1,1.3030162340499154,0.19032524337278095,2,-0.4460878837435815,Muzey Zhkkh,,museums
1,1.1395303841953648,-0.4174268244834746,2,0.6195710903354422,Graffiti Zmeya,,museums
1,1.4784261594775094,-3.4378969709073193,2,1.5076202354012953,Ozora Lebyazh'ye,0.5728438659940459,museums
1,0.38100629530392427,-0.44814097706371175,2,0.8415833766019055,Dvortsovaya Church,0.7578034321346743,museums
1,0.3724199013100712,-0.23954299895186132,2,-0.26847805473041086,Muzey Im.tolstogo,-0.721873096990357,museums
1,1.139780142680822,-0.4426911681631753,2,1.063595662868369,Graffiti Ot Piksel'pancho,,museums
1,0.32070854215404815,-0.19902568504059917,2,1.5520226926545881,Dom V.a.druzhininoy,0.5728438659940459,museums
0,1.3060436096318433,-2.0937769631023206,2,1.2412054918815394,Auto Rancho,1.1277225644159323,museums
1,1.451452243043819,-0.4229549517032615,2,-0.9789173707830934,Victory Park Kazan Rusia,,museums
1,3.0099414083214575,1.9224151028876788,2,-0.5348927982501668,Muzey Istorii Blokadnogo Goroda Geroya Leningrada,1.1277225644159323,museums
0,0.37240854865177575,-2.938371269288726,2,-0.5792952555034595,A temple of all religions,-0.16699439856847045,museums
1,-0.39586368961288665,-0.241586916064912,2,-0.890112456276508,Sh.Mardzhani Museum,-0.5369135308497287,museums
1,2.0175374188601602,-4.4433933987607945,2,-0.5348927982501668,Tosamoye,,museums
1,1.5434314816572043,-0.40133718537759283,2,-0.4460878837435815,Rubka Apl Kazan,0.5728438659940459,museums
1,3.179815020653718,-1.9435528756986873,2,-0.5348927982501668,Bogdan Lokh,-2.0165900599747597,museums
1,0.13603484744632965,0.02576317293115687,2,-0.5348927982501668,Museum Saidashev,-0.721873096990357,museums
1,0.32750121611571176,-0.4477054508003019,2,-0.6236977127567521,Muzey Pushechnogo Dvora,0.387884299853416,museums
0,0.2965614376698004,-0.3247113058701696,2,-0.0020633112106549266,Muzey Kazanskoy Ikony,0.7578034321346743,museums
0,0.20395780284290624,-0.27424947561269974,2,-0.6681001700100447,"Exhibition and entertainment complex ""City view""",0.5728438659940459,museums
1,2.9117446971072143,-2.4548244150071965,2,-0.6681001700100447,Muzey Istorii Orgsinteza,0.01796516757215946,museums
1,1.6550735246740949,-1.3228152484643532,2,-0.5348927982501668,Skver Vasil'chenko,1.1277225644159323,parks
1,-2.356093163030898,0.8366462181726124,2,2.0404497224408074,Lost,,parks
1,-1.9908251622119806,0.9708857276303868,2,2.0848521796940997,Lilac Garden,0.7578034321346743,parks
1,-0.008613157850709862,-0.17237262384582647,2,2.1292546369473926,Botanicheskiy Sad Kfu,0.7578034321346743,parks
1,-0.15330278956221632,0.08318769279343965,2,1.9960472651875147,FIBIKIDS,,parks
1,0.5098362631863378,-0.1605121739813645,2,1.9072423506809293,Naberezhnaya Reki Kazanki,1.1277225644159323,parks
1,0.16660377238317314,-0.252228656473189,2,1.951644807934222,Katok Na Chernom Ozere,0.01796516757215946,parks
0,-0.2762255908407656,-0.09442297372219534,2,1.8628398934276367,Фонтан «Казан»,1.1277225644159323,parks
1,-0.19674562916069172,-0.29847084850376193,2,1.818437436174344,Skver Internatsional,-0.721873096990357,parks
0,-0.3033849340285867,-0.2151267853639355,2,1.7740349789210514,Kaskad Fontanov,1.1277225644159323,parks
1,-0.1185523021028499,-0.1417673528314757,2,1.7296325216677586,Bul'var Baumana,1.1277225644159323,parks
1,-0.4415770608976064,0.7000285060926726,2,1.6408276071611734,"Snt ""Sad Kazanskogo Zheleznodorozhnogo Uzla""",1.1277225644159323,parks
1,-0.19139852703927843,-0.2962836661725968,2,1.5964251499078808,Sad Im. Kirova,0.01796516757215946,parks
1,-0.46766168575424505,-0.37214546451629066,2,1.5076202354012953,Ip,,parks
1,-0.4215282661074854,0.6160769984276175,2,1.685230064414466,Tret'ya Alleya Snt Kazanskogo Zheleznodorozhnogo Uzla,1.1277225644159323,parks
1,-0.10772565017865511,-0.09947737062034513,2,1.4632177781480027,Kazan,,parks
1,-0.8171494913529442,-0.04908621787053448,2,1.2856079491348322,Kaban Lake Viewpoint,1.1277225644159323,parks
1,-0.529022804577277,0.02804395520502609,2,1.5520226926545881,Tatarstan Supergud,,parks
0,-1.9632154969062168,1.850516975580882,2,1.019193205615076,Sparta Club Paintball Laser Tag and Rope Park,0.01796516757215946,parks
1,0.2894357523942834,-2.6042691396237823,2,0.7083760048420276,"Park ""Dubki""",0.387884299853416,parks
1,-0.21284748303619908,-0.15654468253860412,2,1.2412054918815394,Gabdulla Tukay square,0.387884299853416,parks
1,-2.0002251633932633,0.5715329767833903,2,1.2412054918815394,Pervaya Roshcha,-3.496266589099791,parks
1,1.5962137749254262,-0.5124250355735805,2,1.063595662868369,Ekopark Ozero Mar'ino,-0.9068326631309861,parks
0,1.5938107955572758,-0.4902036451285467,2,0.9303882911084909,Mar'ino Ozero,0.5728438659940459,parks
1,1.7400633099128529,0.8169673077999715,2,0.397558804068979,Park Savinovo,1.1277225644159323,parks
1,-0.05552612671001292,-0.2171267678100996,2,0.9303882911084909,Bibars Saray,,parks
1,1.7933337674936938,-0.9345741479412717,2,0.5751686330821496,Skver Im. A.n.tupoleva,0.20292473371278774,parks
0,1.220448349276646,-0.34285250290069325,2,0.4863637185755643,Бульвар «Белые цветы»,0.9427629982753042,parks
1,0.5239627544947776,0.31752947551528726,2,1.019193205615076,Uram,0.7578034321346743,parks
1,-2.725853032369332,-0.0741767330854847,2,0.663973547588735,"Ooo ""Promyshlennyy Park ""Kolambiya""",-1.6466709276935017,parks
1,-0.17737799387636338,0.4453105889363862,2,0.6195710903354422,Shakhmatnyy Skver,-1.0917922292716151,parks
1,-0.9340251099069493,0.08519340584839888,2,0.8415833766019055,Kazan Zoological and Botanic Garden,-1.2767517954122434,parks
1,-0.11868474978475586,-0.04989423370115045,2,0.5751686330821496,"Alleya Pamyati Voinov-Kazantsev, Pogibshikh V Afganistane 1979-1989 Gg.",,parks
1,0.05183974829766308,0.6021363375948094,2,0.530766175828857,Skver Im. Usmanova,,parks
1,-1.9815992351265328,1.5818392955627416,2,0.13114406054922303,Grass,1.1277225644159323,parks
1,0.3568743276977623,-0.043856082304566786,2,-0.09086822571724024,Ploshchad' Sultana Galiyeva,0.20292473371278774,parks
1,1.3245106006805554,0.1752384607943788,2,0.264351432309101,Uyutnyy Dvorik,,parks
1,0.14112462264324274,-0.6022809804314919,2,-0.3572829692369962,Grass,,parks
1,0.45208907396406595,1.0946611455504982,2,-0.0020633112106549266,Sovetskaya Ploshchad',0.01796516757215946,parks
1,-1.5222933802987664,2.0530729818902853,2,-0.3572829692369962,Сквер «Дубовый Кардон»,-0.16699439856847045,parks
1,1.0320471983838684,-0.3434293841792858,2,0.21994897505580835,Square Istanbul,0.20292473371278774,parks
1,1.5104747142300274,0.316024235622602,2,0.3531563468156863,Uyutnyy Dvorik,0.9427629982753042,parks
1,-0.12731655441205955,-0.19195220366710383,2,0.21994897505580835,Industrial'nyy Park Nikol'skoye,,parks
1,1.1833062351076935,-0.21372469642847722,2,-0.1352706829705329,Skver Shkol'nikov,-0.16699439856847045,parks
1,1.595956448000926,-0.9492005716185588,2,-0.046465768463947586,Skver Tebriz,-1.8316304938341308,parks
1,0.9203824500501182,-0.7357525883198093,2,-0.22407559747711822,"Ozero Kharovoye, Ekopark",0.387884299853416,parks
1,1.3346144666847595,-0.34737395318727277,2,0.1755465178025157,Бульвар «Белые Цветы»,0.7578034321346743,parks
1,-0.22478669548679073,0.5131189718140142,2,0.3087538895623937,Kazanskiy Dendrariy,0.20292473371278774,parks
1,2.335226428192068,-0.7651639825156803,2,-0.49049034099687416,Park Kryl'ya Sovetov,0.387884299853416,parks
1,-1.5876544191091744,1.5011332226408083,2,-0.9345149135298008,Grass,,parks
1,-0.11388257526797668,0.3574660877419577,2,0.1755465178025157,Skver Aksenova,0.387884299853416,parks
1,-0.7325911071345216,1.9115727911740146,2,-0.09086822571724024,Bul'var,0.7578034321346743,parks
1,-1.1604122559120116,1.5383248732867667,2,-1.023319828036386,Ploshchadka Dlya Vygula Sobak,1.1277225644159323,parks
0,-0.00372016206676055,2.2502995220824933,2,-0.1352706829705329,"Park ""Vesna""",0.7578034321346743,parks
1,0.12210513555058472,-0.14694973332469333,2,-0.17967314022382555,Chornoye Ozero,0.387884299853416,parks
1,0.2732014508371389,0.39054125111811044,2,-0.22407559747711822,Memorial'naya Zona Parka Gor'kogo,0.01796516757215946,parks
1,-0.7011404590594003,0.2574555042176569,2,-0.26847805473041086,Installyatsiya Lebedi,,parks
1,0.047749007042848055,0.3921534623737504,2,-0.0020633112106549266,Chekhovskiy Skver,,parks
1,-1.1063017016070908,1.626469276337946,2,-0.9789173707830934,Tantsuyushchiye Fontany,0.387884299853416,parks
1,-1.210205015793251,0.432798759879809,2,-0.046465768463947586,"Istoricheskiy Park ""Rossiya - Moya Istoriya""",0.387884299853416,parks
1,-0.47786772568418356,1.8038106042433306,2,-0.8013075417699228,Skver,-0.5369135308497287,parks
1,0.44360106967669477,-0.35760882037570846,2,0.04233914604263773,Kremlevskaya Naberezhnaya,0.7578034321346743,parks
1,-0.9585468521192485,2.2131002306249434,2,-0.8457099990232154,Noksinskiy Les,0.20292473371278774,parks
1,-1.697896300919534,1.3322903874792866,2,-0.4016854264902888,Skver Imeni Akademika Parina,0.5728438659940459,parks
1,-1.6728182784440364,1.4555538710196694,2,-0.4460878837435815,Park Yolochnyy Gorodok,0.01796516757215946,parks
1,-0.7342183215099188,-0.378718472727512,2,-0.31288051198370354,Ploshchadka Dlya Vygula Sobak,,parks
0,-1.4796944216436234,1.279196297612719,2,-0.49049034099687416,"Children's park ""Kaleidoscope""",0.5728438659940459,parks
1,0.07804546817737451,0.10581213605231561,2,-0.3572829692369962,Lyadskoy Sad,0.5728438659940459,parks
1,1.1344179036815918,-1.6536891352124248,2,-0.5792952555034595,Lesopark Lebyazh'ye,0.387884299853416,parks
1,0.11655368557770253,-0.12365671904758813,2,-0.6681001700100447,Gde Pogulyat',,parks
1,1.7765129119174483,-1.2320787000650992,2,-0.8013075417699228,Парк имени Урицкого,0.5728438659940459,parks
1,0.16730006876705156,0.20329170072167807,2,-0.5792952555034595,Skver L.tolstogo,0.5728438659940459,parks
1,0.8657875156523686,-0.5052636848661762,2,-0.890112456276508,Festival'nyy Bul'var,0.5728438659940459,parks
1,1.363855130585173,0.5168801613427279,2,-0.6236977127567521,Park Continent,0.387884299853416,parks
1,1.2928518205341748,-0.7375176158080866,2,-0.9345149135298008,"Park ""Sosnovaya Roshcha""",0.387884299853416,parks
1,0.3177114403280228,-1.046013475472488,2,-0.9789173707830934,Bereg Volgi,0.01796516757215946,parks
1,-0.3362470959688032,0.017984826684136836,2,-0.6681001700100447,Ots Biznes Park,0.7578034321346743,parks
1,-1.104383102332307,1.6261082479880589,2,-0.6236977127567521,Gorkinsko-Omet'yevskiy Les,0.5728438659940459,parks
1,0.8495040192419832,-0.548520229749491,2,-1.023319828036386,Skver,0.5728438659940459,parks
1,-1.934326765416995,1.794383752885375,2,-0.8457099990232154,Park Dubrava,0.20292473371278774,parks
1,1.4633346922023958,-0.40449666098973724,2,-1.0677222852896786,Park Pobedy,0.5728438659940459,parks
0,0.29300427136132406,0.36612121712445694,2,-0.890112456276508,Gorky Central Park of Culture and Leisure,0.5728438659940459,parks
1,0.12213540930648736,-0.11015158447805416,2,-1.1121247425429714,Leninskiy Sad,0.5728438659940459,parks
1,-0.11741325204034073,0.8251143232086056,2,-0.9345149135298008,Skver Na Adelya Kutuya,-0.16699439856847045,parks
1,0.9924037151405527,-0.23985245182313508,2,-1.2009296570495567,Kazanka Beach Park,-2.5714687583966462,parks
1,-1.3253853040212793,0.9627597244538658,2,-0.9789173707830934,Skver Im. Karbysheva,0.387884299853416,parks
1,-0.6595216132490169,0.25849274439750025,2,-1.023319828036386,Park Filarmonii,-0.16699439856847045,parks
1,0.14921906810495522,-0.0752368957001015,2,-1.0677222852896786,Ленский Парк,,parks
1,0.30957158423259085,-1.2559676976499783,2,-1.3341370288094347,Park Im. Stolyarova,0.5728438659940459,parks
0,-0.27685377127379585,-0.09206196292614405,2,-1.1121247425429714,Меңьеллык паркы,0.387884299853416,parks
1,0.34330411665252086,-1.3040589660970099,2,-1.3785394860627274,Admiralteyskiy Park,-0.16699439856847045,parks
1,-0.21821350625495067,-0.20775149193075762,2,-1.156527199796264,Фонтан,,parks
1,-1.7433599137187965,0.269016052225368,2,-1.2009296570495567,Сквер Авангард,0.7578034321346743,parks
1,-1.0406492778970273,0.4044838221538503,2,-1.289734571556142,Skver Imeni Mustay Karima,,parks
1,-1.2072079139672256,0.8780861600890364,2,-1.2453321143028493,Park Komsomolets,0.5728438659940459,parks
1,-0.9021960398839861,0.0075302861609966,2,-1.3785394860627274,Skver Im. Vakhitova,-1.6466709276935017,parks
1,-0.5750767556148931,-0.41266850903621227,2,-1.3341370288094347,Park Im. Karima Tinchurina,0.20292473371278774,parks
1,-0.02146815141500344,-0.0016883530797089238,2,0.08674160329593039,"""Hermitage"" Garden",0.387884299853416,parks
1,-2.1829083586560976,1.6722014441917221,2,-0.6236977127567521,Ekopark Dubrava,0.5728438659940459,parks
1,-1.0307876019392377,1.936115078153805,2,-0.6681001700100447,Skver Chishmyale,,parks
1,1.5745226288818222,0.07858792418760975,2,0.3531563468156863,Atmosfera Gastro Pab,-0.5369135308497287,pubs_bars
0,0.05209707522216326,-0.3238994696336902,2,0.8859858338551982,Gudini Bar,-0.9068326631309861,pubs_bars
0,0.337548318827632,-0.008444740770203617,2,2.1292546369473926,Malabar,0.5728438659940459,pubs_bars
0,-0.0683432780790921,-0.2711778693343286,3,2.0848521796940997,Винный бар «Истина»,0.5728438659940459,pubs_bars
0,-0.5089853624454516,0.07147050814722783,2,2.8396939530000753,Porto Ronco,0.9427629982753042,pubs_bars
0,0.008457456210992947,-0.2258754971351672,1,2.7508890384934896,Phoshnaya,0.387884299853416,pubs_bars
0,1.0288003380723858,-0.10769888394250192,2,2.7952914957467825,Vartaziya - Restoran Avtorskoy Kukhni,-0.721873096990357,pubs_bars
1,-0.12497790677523596,-0.488877964309407,2,2.7064865812401973,Amerikano,0.387884299853416,pubs_bars
0,0.07324707788038566,-0.3237982288795307,2,2.617681666733612,Cicheti Italo Bistro,-0.5369135308497287,pubs_bars
1,0.12185537706512742,0.08145513875459442,2,2.6620841239869044,Truffo,0.20292473371278774,pubs_bars
1,0.09261092894519256,-0.20730450445002888,2,2.573279209480319,Pokemaniya,0.387884299853416,pubs_bars
0,0.02152436606579831,-0.24081137368372807,2,2.5288767522270263,Street food bar Siri,0.20292473371278774,pubs_bars
0,-0.14109868174808163,-0.16819309988008843,2,2.440071837720441,Korchma Mlin,0.5728438659940459,pubs_bars
0,0.18583517576661185,-0.2920831299747456,2,2.484474294973734,Romeyn Meat,1.1277225644159323,pubs_bars
0,-0.0299183135074291,-0.1857497748202926,2,2.3956693804671487,Los',1.1277225644159323,pubs_bars
0,-0.07307733664529201,-0.07696562933321902,2,2.351266923213856,Slasti,-0.5369135308497287,pubs_bars
0,0.06682904164704247,-0.29659120884093887,2,2.306864465960563,Mama Feta,0.20292473371278774,pubs_bars
0,-0.18190770459055663,0.41356874719096426,2,2.2624620087072707,Антикафе Баклажан,0.5728438659940459,pubs_bars
0,0.033115430324450745,-0.2576670041561352,2,2.218059551453978,Nogay,0.387884299853416,pubs_bars
1,-1.7021081371976907,1.7409974019736476,2,3.017303782013246,Draught beer,-1.0917922292716151,pubs_bars
0,2.754809331167644,-0.8289819515157746,2,2.1736570942006854,Mybox,-5.1609026843654515,pubs_bars
1,-1.2921257990358828,1.369168764848108,2,2.972901324759953,Irish pub,,pubs_bars
0,-1.6413146512961527,1.5891649237203735,1,2.9284988675066606,Kavkazskiy Shashlyk,0.20292473371278774,pubs_bars
0,0.19370256805972677,-0.2887631973182371,2,1.951644807934222,Branch wine bar,0.01796516757215946,pubs_bars
0,0.18929016814908486,-0.2246395958527325,3,1.9960472651875147,Utka V Kotelke,0.5728438659940459,pubs_bars
0,-0.021687636144558105,0.37304570267104264,3,1.9072423506809293,Al' Fakhir,0.20292473371278774,pubs_bars
0,-0.3833265704848985,1.659639949859599,2,1.8628398934276367,Mybox,-1.8316304938341308,pubs_bars
1,-0.40775370721023735,0.17246102576409908,2,1.685230064414466,"Кафе-студия ""Экият""",0.20292473371278774,pubs_bars
0,-0.08100527644994332,1.7661910681456892,2,1.4632177781480027,Samarkand,-0.16699439856847045,pubs_bars
0,1.3355075424813327,0.40349242684382525,2,1.41881532089471,Mybox,-0.35195396470909873,pubs_bars
1,0.05142726837466606,-0.36264602544788,2,1.4632177781480027,Wine Me,0.9427629982753042,pubs_bars
0,-0.08596638818474078,-0.07073836784856687,2,1.2856079491348322,Gastrobar 8,-0.16699439856847045,pubs_bars
0,0.08802445493898438,1.934869625856983,2,0.6195710903354422,Brasseriya,0.20292473371278774,pubs_bars
0,0.03181365882440186,-0.3169940861161502,2,1.1079981201216615,Bar Model'nyy Poker,0.9427629982753042,pubs_bars
0,1.345373002658644,-0.3867470555557369,2,0.4863637185755643,Giviko,0.5728438659940459,pubs_bars
1,0.022591515958206774,0.11351598438594872,2,1.063595662868369,Beerpoint,0.01796516757215946,pubs_bars
0,0.06110351757805623,-0.29047282892217313,2,0.9747907483617835,MELLOW,0.20292473371278774,pubs_bars
0,0.06707501591297833,-0.31698835550749077,2,1.019193205615076,Relab,0.5728438659940459,pubs_bars
0,0.03560544674051863,-0.260935361334166,2,0.9303882911084909,Birshtrasse,0.5728438659940459,pubs_bars
0,-0.1372312094426116,-0.18606304809742977,2,0.8859858338551982,гриль-кафе GrillBOSS,1.1277225644159323,pubs_bars
0,0.08732815855510598,-0.20951651941903485,2,0.7971809193486129,Baker street - Английский ресторан,0.01796516757215946,pubs_bars
0,0.045917444815981937,-0.32095011634159176,2,0.8415833766019055,Zhiguli,0.01796516757215946,pubs_bars
0,0.07003049132480563,-0.05248828925215685,3,0.7527784620953203,Willard,0.9427629982753042,pubs_bars
0,-0.35829774286264177,-0.24013707205670365,2,0.663973547588735,Kul'tbar,0.387884299853416,pubs_bars
0,-0.06954665987292798,-0.09335708049864766,2,0.7083760048420276,Alcobar,-0.35195396470909873,pubs_bars
0,-0.05430760803809129,-0.2134477170066355,2,0.6195710903354422,HALAL PIZZA NAPOLETANA,0.387884299853416,pubs_bars
1,-1.792270950461758,1.4424556096699768,2,0.5751686330821496,Glavpivtorg,-0.5369135308497287,pubs_bars
0,0.002796263873064537,-0.39564287050478236,2,0.530766175828857,"Barsuk, strip club",0.01796516757215946,pubs_bars
0,1.025776746710248,-0.10734549640420583,2,0.4863637185755643,Petzold restaurant & brewery,0.20292473371278774,pubs_bars
0,0.06596623960610291,-0.36246455617140266,2,0.44196126132227165,Beerpoint BBQ,0.387884299853416,pubs_bars
0,0.08040682113132674,-0.08593785239858313,2,0.397558804068979,Rockstar Bar,0.387884299853416,pubs_bars
0,1.327409312800099,-0.8173449953916091,2,0.264351432309101,Varka,0.20292473371278774,pubs_bars
0,1.266123878366689,0.34988831280046073,2,0.1755465178025157,BEERMANIA,,pubs_bars
1,0.6415119641155324,1.2841590047712321,2,0.13114406054922303,Razlivnoye Pennoye,-0.16699439856847045,pubs_bars
0,1.0030638614079552,-0.1686018833027257,2,0.08674160329593039,Tema Na Musina,0.20292473371278774,pubs_bars
1,-0.5651545321455671,1.840872361091425,2,-0.0020633112106549266,Sport Pub,-0.16699439856847045,pubs_bars
0,-0.43587045792595847,0.02110609823805406,2,0.3531563468156863,Maximilians,-0.16699439856847045,pubs_bars
0,0.12745980611104088,-0.47964022303965576,2,0.3087538895623937,Pivovar,-0.35195396470909873,pubs_bars
0,-0.6229168582459247,1.390960359638527,2,0.21994897505580835,Kingdom,0.387884299853416,pubs_bars
1,1.0660748999229752,-0.5547646830602571,2,-0.046465768463947586,Luna Lounge,-0.35195396470909873,pubs_bars
0,-1.6135119907969466,1.564376220565106,2,0.264351432309101,Mybox,-1.6466709276935017,pubs_bars
0,-0.025574029547635338,-0.24881894427983978,2,0.1755465178025157,Pitstseriya Tyap - Lyap,0.387884299853416,pubs_bars
0,-0.6262242660689437,-0.14728401883380796,2,0.08674160329593039,Kafe Shark,0.20292473371278774,pubs_bars
0,1.0717701502363277,-0.5341058385951815,2,-0.17967314022382555,Khochu I Budu,0.20292473371278774,pubs_bars
0,-0.7235089803892754,1.3624696832448862,2,0.04233914604263773,Kolobok,-0.721873096990357,pubs_bars
0,-0.06479746442918007,-0.27403935329265383,2,-0.22407559747711822,Brew barrel,0.387884299853416,pubs_bars
0,-0.18183958863997735,-0.16632492143471994,2,-0.046465768463947586,"Грузинские Истории | Ресторан Казань | Грузинская кухня, кафе, бар",0.20292473371278774,pubs_bars
0,-0.050152535052218436,0.14682228231412484,2,-0.3572829692369962,Russkaya Usad'ba,0.01796516757215946,pubs_bars
0,0.3909474398705886,0.1718211077894384,2,-0.09086822571724024,Porto Maltese,0.5728438659940459,pubs_bars
1,-0.03855768657404456,-0.08348324165996346,2,-0.1352706829705329,МОРЕ & МЯСО,0.20292473371278774,pubs_bars
1,-0.14530673380698575,-0.1736257169543752,2,-0.6681001700100447,Irish pub,,pubs_bars
1,-1.1496120935239291,0.3714583240532436,2,-0.26847805473041086,РЕСТОРАТ,0.5728438659940459,pubs_bars
0,1.0015236840807444,-0.2381122569726987,2,-0.17967314022382555,Top Hop 2 Kraftovyy Bar,0.387884299853416,pubs_bars
1,-0.4005636902036625,-0.3754310135204355,2,-0.49049034099687416,Brigga Viking,1.1277225644159323,pubs_bars
0,0.11347333092328103,-0.35412843067483574,2,-0.5792952555034595,Domino,-0.5369135308497287,pubs_bars
0,0.004612689222113784,-0.2603049943740282,2,-0.7125026272633375,Bliss,-0.35195396470909873,pubs_bars
0,0.0865713146596912,-0.35811120374091415,2,-0.7569050845166301,Top Hop,0.387884299853416,pubs_bars
0,0.044437815000307565,-0.06162478976774858,2,-0.5348927982501668,One Season,-0.5369135308497287,pubs_bars
0,1.1035197516501474,-0.5892209231400264,2,-0.890112456276508,Beer & Beef,-1.6466709276935017,pubs_bars
0,0.15871367477319848,-0.2942034552042507,2,-0.8013075417699228,Что делать!?,0.01796516757215946,pubs_bars
0,-0.04209971600470404,-0.2138488596175459,2,-0.5792952555034595,GrillBurg,-0.35195396470909873,pubs_bars
0,-0.08719247529516752,-0.1273472310685068,3,-0.6681001700100447,Cocos,-0.721873096990357,pubs_bars
0,-0.03830792808858726,-0.30162650371017863,2,-0.6236977127567521,Barduck,0.20292473371278774,pubs_bars
0,1.0312714333911153,0.14777356336299097,2,-0.7125026272633375,Beerpoint,-0.5369135308497287,pubs_bars
0,-0.012643351593988501,-0.24156590383293455,2,-1.156527199796264,Drink Craft,0.5728438659940459,pubs_bars
0,0.06362002353023644,-0.2956399277920727,2,-1.2009296570495567,"ПЯТНИЦА, ламповый паб",0.01796516757215946,pubs_bars
0,0.31571715666361694,-0.1008871003675303,2,-1.2453321143028493,Pup'n'Pub,0.387884299853416,pubs_bars
0,0.03495456099035975,-0.3168641923184221,2,-1.289734571556142,Trinity,0.01796516757215946,pubs_bars
1,0.15778275678194853,0.07580666875160232,2,-1.3341370288094347,Pub kilt,,pubs_bars
1,-0.1489244476269985,-0.17377662298421648,2,-1.3785394860627274,Dublin Irish Pub,0.20292473371278774,pubs_bars
1,-1.4061367634454995,1.7018649851717298,2,-0.9789173707830934,Home Pub,,pubs_bars
0,0.01472790788461329,-0.39087882444872485,2,-1.1121247425429714,Barin Bar,-0.5369135308497287,pubs_bars
0,1.2257954513980591,2.115232894765057,2,-1.3785394860627274,Mini-Otel' Bashnya V Tsaritsyno,,resorts
1,-0.08783579260628353,0.6865634857842975,2,-0.9789173707830934,Sanatoriy-Profilaktoriy Kgu,0.20292473371278774,resorts
1,1.7041170090986935,-1.2157292733636254,2,-0.9345149135298008,Sanatoriy Profilaktoriy,0.20292473371278774,resorts
1,0.2875209373387522,-0.18290166228248936,2,-1.289734571556142,Sanatorii Tatnefti,-2.0165900599747597,resorts
1,-1.1506716749775636,0.37430834679411423,2,-1.3785394860627274,TOCTWHULALA HOTEL,-0.721873096990357,resorts
1,0.2707568450547906,-0.2592028072953208,2,1.9072423506809293,Sanatoriy-Profilaktoriy Kgtu Imeni A.n.tupoleva,-1.2767517954122434,resorts
1,-0.2740648015192986,0.25650040276292735,2,-0.0020633112106549266,Profilaktoriy Kazgasa,-4.421064419802936,resorts
1,2.709470597610976,-0.7700655631811928,2,1.4632177781480027,Sanatoriy-Profilaktoriy Kmpo,-1.0917922292716151,resorts
1,0.2875209373387522,-0.18290166228248936,2,0.663973547588735,Stavropol',,resorts
1,1.3091428853836031,-5.051728078504438,2,-0.5792952555034595,Sanatoriy Rzhd,-0.16699439856847045,resorts
0,1.4015194670418998,1.0377218172271714,2,-0.8457099990232154,"Sanatoriy ""Livadiya-Tatarstan""",-0.721873096990357,resorts
1,-1.7152923578563164,1.148372230956953,2,0.3531563468156863,Kripto Burger,,restaurants
0,-1.8663054203142055,1.7831727720102324,2,0.9303882911084909,Папа Джонс,-0.16699439856847045,restaurants
1,-1.4512408753945274,1.4211167329690815,2,0.8415833766019055,"TSUNAMI, суши-бар",-0.16699439856847045,restaurants
1,-1.3739368399140062,1.124217715167551,2,0.8859858338551982,Akari,-0.721873096990357,restaurants
0,0.14971101663709582,-0.057712694209329396,2,0.7971809193486129,Big Butcher Grill,0.7578034321346743,restaurants
1,-0.2061796883173986,-0.31499219346719015,2,0.7083760048420276,Vegan Friends,,restaurants
1,-0.18764079709858575,0.0035666151240996563,2,0.7527784620953203,wonderland flower fairy,,restaurants
1,-1.6994894573195072,1.1697684137449855,1,0.663973547588735,Master Pitstsa,-0.5369135308497287,restaurants
0,-1.6881065251318452,1.1715258004216715,2,0.6195710903354422,Dodo Pizza,0.387884299853416,restaurants
1,-1.9935157422602647,0.10720467397325105,1,0.530766175828857,Deshevo I Vkusno,0.01796516757215946,restaurants
1,-0.33672390762285803,-0.3791005133093767,2,0.397558804068979,Fresco Lounge,,restaurants
0,-1.1386378570400115,1.2795477749479476,2,0.44196126132227165,Kioto,0.20292473371278774,restaurants
0,-2.2677619119936967,0.8737175260352298,2,0.4863637185755643,Okinava,0.5728438659940459,restaurants
0,0.2693339785314,-0.4048118444698061,2,1.1079981201216615,Alan Ash,-0.16699439856847045,restaurants
0,0.43568069831081746,-0.34123838144225727,2,1.2412054918815394,Ля Фамилия,0.01796516757215946,restaurants
0,-0.12486438019093718,-0.15314452135991347,2,1.063595662868369,Na Kryshe,0.387884299853416,restaurants
1,0.09261092894519256,-0.20730450445002888,2,1.019193205615076,Pokemaniya,0.387884299853416,restaurants
0,0.06937960557464674,-0.18448522049428928,2,0.9747907483617835,Brooklyn Pizza,0.387884299853416,restaurants
0,-0.03410366024947347,-0.21775331436437395,3,0.8859858338551982,Dom Tatarskoy Kulinarii,0.01796516757215946,restaurants
1,-0.15164908565070678,0.29677512090471153,2,0.8415833766019055,Churchill Steak House,-0.16699439856847045,restaurants
0,-0.0129914997859277,-0.24277697247739266,2,0.7971809193486129,Khochu I Budu,0.387884299853416,restaurants
1,-0.07135551678320322,-0.47399748364518735,2,0.663973547588735,Stolovaya,,restaurants
0,0.2872636104142521,-0.41478310365692217,2,0.7527784620953203,Чирэм,0.387884299853416,restaurants
0,-0.0030390025609679143,-0.3535744718311523,2,0.7083760048420276,Khachapuri Tetushki Mariko,0.7578034321346743,restaurants
1,-0.05384971748137476,-0.27374136163869894,2,0.6195710903354422,Home Gastrobar,-3.8661857213810493,restaurants
0,-0.023958167831071325,-0.2838195921887697,2,0.5751686330821496,Limoncello,1.1277225644159323,restaurants
1,0.07324707788038566,-0.3237982288795307,2,0.530766175828857,Shaurma & Burger,,restaurants
1,-0.1911109263591445,-0.2036579270959968,2,0.397558804068979,Crazy Doner,-6.2706600812092255,restaurants
0,-0.002577327784729944,-0.3883287035647408,2,0.4863637185755643,Teti,-0.5369135308497287,restaurants
1,-0.11527516803573347,-0.1062834235865216,2,0.1755465178025157,WONDERLAND,,restaurants
1,-0.7517392576892953,-0.15174816303311459,2,0.08674160329593039,"CRAZYBROTHERS, служба доставки",,restaurants
0,-1.6183293021915426,1.5600133171200945,2,0.3087538895623937,Chayhona P.Love,0.387884299853416,restaurants
0,-0.7028433578241507,0.18948475409259724,2,0.264351432309101,"Султанат | банкетный зал, ресторан в Казани",0.01796516757215946,restaurants
0,-0.3870540266699575,0.36899416230023674,2,0.13114406054922303,"Restaurant ""Davyl""",0.01796516757215946,restaurants
1,-2.216769554538143,0.8592171757500788,2,-0.046465768463947586,Motoroller,,restaurants
1,-1.95818626922084,0.03696078238604902,1,-0.0020633112106549266,Stolovaya,0.387884299853416,restaurants
1,-2.1647554578239006,1.0882008393108908,1,0.04233914604263773,Borshchovaya Stolovaya,-0.16699439856847045,restaurants
0,-2.2237514394737277,1.1696155975123481,2,0.21994897505580835,King Avto,,restaurants
0,0.18257317857704342,0.10207768936451032,2,-0.09086822571724024,Ostro,0.20292473371278774,restaurants
0,-2.167366569263041,0.9785991269785428,1,-0.17967314022382555,Dobraya Stolovaya,1.1277225644159323,restaurants
0,-2.2237514394737277,1.1696155975123481,2,-0.3572829692369962,BURGER KING,-0.35195396470909873,restaurants
0,1.1965207295222218,0.49409908144521547,2,-0.22407559747711822,Govindas,0.7578034321346743,restaurants
1,-0.1302341876292102,-0.4484064952680989,2,-0.1352706829705329,Restaurant,1.1277225644159323,restaurants
0,-0.08281034914069713,-0.1216510059926289,2,0.3087538895623937,Рубаи,0.20292473371278774,restaurants
0,-0.08231461638903509,-0.011701636730779846,3,-0.4460878837435815,Nekrasov,0.387884299853416,restaurants
0,0.458753084463345,-0.37433073664465977,2,0.21994897505580835,Pirs,0.01796516757215946,restaurants
0,-0.011178858656399893,-0.2564712171348594,2,0.264351432309101,Skazka,0.20292473371278774,restaurants
1,0.09905923893443838,-0.06054170471822261,2,0.13114406054922303,Poke & Giros,,restaurants
0,0.12664998314286371,-0.47345880642482197,2,0.1755465178025157,Ресторан Milli,-0.35195396470909873,restaurants
0,0.43476113297786295,-0.39673741677189867,3,0.08674160329593039,The SNOB bar,-0.35195396470909873,restaurants
1,0.1612074754087878,-0.3030820783270464,2,0.04233914604263773,Romeyn Fish,0.20292473371278774,restaurants
1,0.10567027036122392,-0.3764396006565745,2,-0.0020633112106549266,Bar Vasi Lozhkina,0.9427629982753042,restaurants
0,0.029297152871952777,-0.5533071982404576,2,-0.046465768463947586,Shakh,-1.0917922292716151,restaurants
0,-0.07492403574997501,-0.1926876317872646,2,-0.3572829692369962,Meat & Grill,-0.5369135308497287,restaurants
0,0.337548318827632,-0.008444740770203617,2,-0.4016854264902888,Malabar,0.5728438659940459,restaurants
0,0.0923119756064943,-0.34773307133422826,2,-0.4460878837435815,Sultan Suleyman,0.7578034321346743,restaurants
0,0.044437815000307565,-0.06162478976774858,2,-0.49049034099687416,One Season,-0.5369135308497287,restaurants
1,-0.12602991978982755,-0.22000926400040227,2,-0.5348927982501668,Adriana Restaurant,-1.2767517954122434,restaurants
0,-0.33822624275539215,0.382193664404089,2,-0.5792952555034595,Marokko,0.20292473371278774,restaurants
1,-2.0044748418663656,0.10801651020986618,2,-0.6681001700100447,Stolovaya,,restaurants
0,-0.05957902576988243,-0.23736154722935565,2,-0.26847805473041086,Beer House,0.20292473371278774,restaurants
1,-0.366093234985656,-0.22037029235028952,2,-0.6236977127567521,Tatarskaya Usadba,-0.16699439856847045,restaurants
1,-2.2037896817312554,-0.6385519132750845,2,-0.8013075417699228,Столовая №77,,restaurants
0,-0.0030238656828821546,-0.25415605120876217,1,-0.31288051198370354,Dobraya Stolovaya,0.387884299853416,restaurants
0,-2.2769121546895223,-0.15079688198424845,2,-0.8457099990232154,Bukhara,-0.16699439856847045,restaurants
0,-0.8401613299939354,0.3742987957795914,2,-0.890112456276508,Tanuki Restaurant,-0.35195396470909873,restaurants
1,-0.9650102989863113,0.9842647888077847,2,-0.9345149135298008,Шаурма 24,,restaurants
1,-2.127185726853865,-0.5646327912902819,2,-0.9789173707830934,Шаурма & пицца,,restaurants
1,-1.6994894573195072,1.1697684137449855,2,-1.0677222852896786,Food Hanoi,0.5728438659940459,restaurants
0,0.18929016814908486,-0.2246395958527325,3,-0.5348927982501668,Utka V Kotelke,0.5728438659940459,restaurants
0,0.2486267295520773,-0.11129579602085221,1,-0.5792952555034595,Domashnyaya Stolovaya,0.387884299853416,restaurants
1,-0.2516584379944779,-0.3711215957568336,2,-1.1121247425429714,Restaurant,,restaurants
0,-0.5309981671443446,-0.017323363893135085,3,-1.156527199796264,Pashmir,0.20292473371278774,restaurants
0,-0.07066300461884627,-0.38670121068591856,2,-0.6236977127567521,Matsoni,0.20292473371278774,restaurants
0,-0.003761788480958619,-0.24995551501091093,2,-0.6681001700100447,Roknrolly,-0.16699439856847045,restaurants
1,-0.8401613299939354,0.3742987957795914,2,-1.2453321143028493,Kurazh Bombey,0.20292473371278774,restaurants
1,-3.0173968693330644,0.9894567203155251,2,-1.2009296570495567,Lesnaya Kukhnya,1.1277225644159323,restaurants
1,0.08396020322028167,-0.40031331661827146,2,-0.7125026272633375,Drevnyaya Bukhara,0.387884299853416,restaurants
0,0.008457456210992947,-0.2258754971351672,1,-0.7569050845166301,Phoshnaya,0.387884299853416,restaurants
1,-1.7270802015279325,1.0646633190613761,2,-1.3341370288094347,Kitayskaya Kukhnya Na Parina,0.9427629982753042,restaurants
1,0.11347333092328103,-0.35412843067483574,3,-0.8013075417699228,Kremlin,0.20292473371278774,restaurants
1,-0.06606896217332632,-0.09021097630688955,2,-0.8457099990232154,Street Food,-0.35195396470909873,restaurants
1,-1.1937587979450568,0.45288454347215545,2,-1.289734571556142,Grill Village,,restaurants
0,0.0720361276475069,-0.34415526128492374,2,-0.890112456276508,Basilico,0.01796516757215946,restaurants
0,0.08249571028269305,-0.36134708746951294,3,-0.9345149135298008,Hemingway Restaurant,0.387884299853416,restaurants
1,0.01803909992715378,-0.5412098832153128,2,-1.023319828036386,"""Nemore""",-1.0917922292716151,restaurants
0,-0.06204255264956912,-0.1152212629996577,2,-0.9789173707830934,Khinkalnaya,0.20292473371278774,restaurants
0,0.0865713146596912,-0.35811120374091415,2,-1.0677222852896786,Top Hop,0.387884299853416,restaurants
1,0.046833225929414996,-0.3635705636559735,2,-1.1121247425429714,Kedr,0.20292473371278774,restaurants
1,0.030489182007224332,-0.4001910636319988,2,-1.2453321143028493,Poke Land,,restaurants
1,0.11682993359954102,-0.24273303781050604,2,-1.289734571556142,Poke Soul,,restaurants
0,-0.0020929476916322193,-0.40452340383050983,2,-1.156527199796264,Priyut Kholostyaka,0.5728438659940459,restaurants
0,-0.08589827223416152,-0.11114297978807919,2,-1.2009296570495567,Chernovar,0.387884299853416,restaurants
1,0.0503336289458764,-0.3064956109261234,2,-1.3785394860627274,Twin Peaks,0.01796516757215946,restaurants
1,-1.7311066110516897,1.064800853670831,2,-1.3785394860627274,Chinese restaurant,0.20292473371278774,restaurants
1,-0.06726855974764076,-0.2155470300040274,2,-1.3341370288094347,Mad kitchen,,restaurants
0,-0.047155433226193075,-0.2457874522626275,2,-0.09086822571724024,"Restaurant courtyard at the Astronomy, 7",0.01796516757215946,restaurants
0,-0.007345444326085048,-0.2120914729408598,2,-0.1352706829705329,Wok&Go,0.01796516757215946,restaurants
0,-0.025574029547635338,-0.24881894427983978,2,-0.17967314022382555,Pitstseriya Tyap - Lyap,0.387884299853416,restaurants
0,-0.08847532569814698,-0.1321170077332237,2,-0.22407559747711822,Ресторан BOCO kitchen,0.20292473371278774,restaurants
1,0.1752772034249438,-0.06629141547550998,2,-0.7569050845166301,Pushkin Statue At Tatar State Academic Opera and Theatre House,,theatres
1,0.007477343366233178,-0.2152070138861176,2,-0.8013075417699228,Kazan Theatre School,-6.2706600812092255,theatres
0,0.3354367243594059,-1.4832722928536262,2,-1.3785394860627274,"Chamber Theatre ""Theatre. Act""",0.5728438659940459,theatres
1,-0.40775370721023735,0.17246102576409908,2,-0.890112456276508,"Кафе-студия ""Экият""",0.20292473371278774,theatres
1,0.12560175434752469,0.029772688838007873,2,-0.9345149135298008,Татар дәүләт дырам һәм кәмит тиятры,0.5728438659940459,theatres
0,-0.05180245474420652,-0.2912388202888342,2,-0.8457099990232154,"Tyuz, Kazanskiy Gosudarstvennyy Teatr Yunogo Zritelya",0.5728438659940459,theatres
1,0.06528508010031027,0.07318204995409561,2,-0.9789173707830934,Kazan Theatre School,0.01796516757215946,theatres
0,-0.17830512764809187,-0.07896561177924735,2,-1.023319828036386,Karo 6 Kol'tso,0.01796516757215946,theatres
0,0.17126971499879381,-0.0734374845594605,2,-1.0677222852896786,Tatarskiy Akademicheskiy Gosudarstvennyy Teatr Opery I Baleta Im.m.dzhalilya,0.7578034321346743,theatres
1,-0.4095171534867931,0.18649528653947559,2,-1.1121247425429714,Ekiyat Puppet Theater,0.7578034321346743,theatres
1,0.09891922281375841,-0.40940779266990834,2,-1.2009296570495567,Na Bulake Theatre,0.7578034321346743,theatres
1,0.018549969556632698,-0.2864365701745495,2,-1.156527199796264,Kazanskiy Akademicheskiy Russkiy Bol'shoy Dramaticheskiy Teatr Imeni V.i.kachalova,0.7578034321346743,theatres
1,-0.3777864731703118,0.15621283981678485,2,-1.2453321143028493,Kazanskiy Tatarskiy Gosudarstvennyy Teatr Yunogo Zritelya Imeni Gabdully Kariyeva,0.7578034321346743,theatres
0,-0.3040850146319865,-0.21082882881778822,2,-1.289734571556142,Галиәсгар Камал исемендәге Татар театры,0.7578034321346743,theatres
1,-0.09733796771356966,0.3609961427185122,2,-1.3341370288094347,Mir,0.01796516757215946,theatres
0,0.11013564934435935,0.4287605909293894,2,-1.3785394860627274,Cinema Korston,0.01796516757215946,theatres
1,1.5019412993089367,-1.1930456138145449,2,-1.289734571556142,Kazan Opera and Ballet Theatre,1.1277225644159323,theatres
1,-0.008984011359508813,-0.08050905573015982,2,-0.5792952555034595,Youth Experimental Theatre,0.20292473371278774,theatres
0,-0.0907609942622082,-0.4745743649239157,2,-1.0677222852896786,Смена,0.5728438659940459,theatres
1,0.0244155097462989,-0.309998923062041,2,-1.289734571556142,Rodina,0.01796516757215946,theatres
1,0.09289852962559537,1.1207201336404284,2,-0.5792952555034595,Teatr,1.1277225644159323,theatres
0,0.018901901968093337,-0.5400465696434691,2,-0.8013075417699228,Il'dan-Lik Fashion Theatre,0.7578034321346743,theatres
1,1.1105848894141281,-0.05875566499796791,2,-1.289734571556142,Игорь Сергеевич,,zoo
0,-0.04802201948665407,-0.20838758949955483,2,-1.2453321143028493,Zoopark,-0.16699439856847045,zoo
0,1.3976519947361608,-0.137373886139964,2,-0.22407559747711822,Online pet store Zoo-Zebra.ru,0.20292473371278774,zoo
1,-0.9340251099069493,0.08519340584839888,2,-1.3341370288094347,Kazan Zoological and Botanic Garden,-1.2767517954122434,zoo
0,-0.8358965146432853,0.10780065728102509,2,-1.023319828036386,Хостел ZOO,-0.16699439856847045,zoo
1,-1.0634075738330397,1.0154813247530918,2,-1.0677222852896786,ZOKI,,zoo
0,-2.2390434703810578,0.911153682653598,2,-0.8457099990232154,Зоомагазин Zoo-Zebra.ru,-0.5369135308497287,zoo
1,-1.0906198960936233,0.1278673388441901,2,-1.2009296570495567,Река Замбези,-1.4617113615528725,zoo
1,-0.9135070719015475,0.09389438010058071,2,-1.156527199796264,Lukomor'ye,0.01796516757215946,zoo
1,0.9465806014910556,-0.023560176392310103,2,-1.2009296570495567,Riv'yera,-1.4617113615528725,zoo
